s,R[h,U,|[^,ق,HP
,1402,uU,0,1,1
ђ,1481,GU,0,1,1
Kxm,1519,@JU,0,1,1
َs,1202,nU,1,0,0
s,1205,_UU,1,0,1
эLs,1207,\U,1,0,1
Ύs,1224,ΎU,1,0,1
s,1225,mU,1,0,0
[s,1228,mU,1,0,1
xǖs,1229,쑍U,1,0,1
oʎs,1230,_UU,1,0,1
bs,1231,ΎU,1,0,0
kLs,1234,ΎU,1,0,1
VÑ,1304,ΎU,1,0,1
X,1345,nU,1,0,1
_,1346,nU,1,0,1
jZR,1395,uU,1,0,1
Εʒ,1398,uU,1,0,1
m,1400,uU,1,0,1
`,1430,mU,1,0,1
c,1438,mU,1,0,1
xǖ쒬,1460,쑍U,1,0,1
芥,1463,쑍U,1,0,1
ڕʒ,1513,@JU,1,0,0
y,1520,@JU,1,0,0
X,1631,\U,1,0,1
my,1632,\U,1,0,0
my,1633,\U,1,0,0
ǒ,1634,\U,1,0,1
D,1638,\U,1,0,1
Xʑ,1639,\U,1,0,1
rc,1644,\U,1,0,1
L,1645,\U,1,0,0
,1647,\U,1,0,1
ݒ,1662,HU,1,0,0
l,1663,HU,1,0,1
W,1664,HU,1,0,0
q,1665,HU,1,0,0
ʊC,1691,U,1,0,1
Dys,1101,ΎU,0,0,1
Ms,1203,uU,0,0,1
s,1204,쑍U,0,0,1
Hs,1206,HU,0,0,0
ks,1208,Iz[cNU,0,0,0
[s,1209,mU,0,0,0
〈s,1210,mU,0,0,0
ԑs,1211,Iz[cNU,0,0,0
Gs,1212,GU,0,0,0
Ϗqs,1213,_UU,0,0,0
ts,1214,@JU,0,0,0
Ss,1215,mU,0,0,0
ʎs,1216,mU,0,0,0
]ʎs,1217,ΎU,0,0,0
ԕs,1218,mU,0,0,0
ʎs,1219,Iz[cNU,0,0,0
mʎs,1220,쑍U,0,0,0
s,1221,쑍U,0,0,1
O}s,1222,mU,0,0,0
s,1223,U,0,0,0
s,1226,mU,0,0,1
̎us,1227,mU,0,0,0
ɒBs,1233,_UU,0,0,0
Ύs,1235,ΎU,0,0,0
kls,1236,nU,0,0,0
ʒ,1303,ΎU,0,0,0
O,1331,nU,0,0,0
,1332,nU,0,0,0
m,1333,nU,0,0,0
،Ó,1334,nU,0,0,0
ђ,1337,nU,0,0,0
,1343,nU,0,0,0
,1347,nU,0,0,0
],1361,wRU,0,0,0
m,1362,wRU,0,0,0
򕔒,1363,wRU,0,0,0
,1364,wRU,0,0,0
K,1367,wRU,0,0,0
,1370,wRU,0,0,0
Ȓ,1371,wRU,0,0,0
q,1391,uU,0,0,0
s,1392,uU,0,0,0
,1393,uU,0,0,0
z,1394,uU,0,0,0
^둺,1396,uU,0,0,0
s,1397,uU,0,0,0
ɒ,1399,uU,0,0,0
a,1401,uU,0,0,0
,1403,uU,0,0,0
_b,1404,uU,0,0,0
ϒO,1405,uU,0,0,0
Õ,1406,uU,0,0,0
mؒ,1407,uU,0,0,0
]s,1408,uU,0,0,0
Ԉ쑺,1409,uU,0,0,0
y,1423,mU,0,0,0
ވ],1424,mU,0,0,0
㍻쒬,1425,mU,0,0,1
Rm,1427,mU,0,0,0
,1428,mU,0,0,0
IR,1429,mU,0,0,0
YP,1431,mU,0,0,0
V\Ð쒬,1432,mU,0,0,0
w,1433,mU,0,0,0
ʒ,1434,mU,0,0,0
J,1436,mU,0,0,0
k,1437,mU,0,0,0
鐲,1452,쑍U,0,0,0
_y,1453,쑍U,0,0,0
,1454,쑍U,0,0,0
z,1455,쑍U,0,0,0
ʒ,1456,쑍U,0,0,0
쒬,1457,쑍U,0,0,0
쒬,1458,쑍U,0,0,0
l,1459,쑍U,0,0,0
xǖ쒬,1461,쑍U,0,0,0
xǖ쒬,1462,쑍U,0,0,0
a,1464,쑍U,0,0,0
,1465,쑍U,0,0,0
쒬,1468,쑍U,0,0,0
[,1469,쑍U,0,0,0
Ўq{,1470,쑍U,0,0,0
쒬,1471,쑍U,0,0,0
y,1472,쑍U,0,0,0
,1482,GU,0,0,0
ϑO,1483,GU,0,0,0
Hy,1484,GU,0,0,0
Rʑ,1485,GU,0,0,0
ʒ,1486,GU,0,0,0
V,1487,GU,0,0,0
,1511,@JU,0,0,0
lڕʒ,1512,@JU,0,0,0
}K,1514,@JU,0,0,0
Lx,1516,@JU,0,0,0
當,1517,@JU,0,0,0
K,1518,@JU,0,0,0
y,1543,Iz[cNU,0,0,0
Õʒ,1544,Iz[cNU,0,0,0
Η,1545,Iz[cNU,0,0,0
,1546,Iz[cNU,0,0,0
,1547,Iz[cNU,0,0,0
Pq{,1549,Iz[cNU,0,0,0
u˒,1550,Iz[cNU,0,0,0
CԒ,1552,Iz[cNU,0,0,0
y,1555,Iz[cNU,0,0,0
Nʒ,1559,Iz[cNU,0,0,0
㒬,1560,Iz[cNU,0,0,0
,1561,Iz[cNU,0,0,0
,1562,Iz[cNU,0,0,0
Y,1563,Iz[cNU,0,0,0
,1564,Iz[cNU,0,0,0
LY,1571,_UU,0,0,0
s˒,1575,_UU,0,0,0
V,1578,_UU,0,0,0
^,1581,_UU,0,0,0
Β,1584,_UU,0,0,0
,1585,_UU,0,0,0
ނ풬,1586,_UU,0,0,0
,1601,U,0,0,0
撬,1602,U,0,0,0
V,1604,U,0,0,0
Y͒,1607,U,0,0,0
l,1608,U,0,0,0
,1609,U,0,0,0
VЂ,1610,U,0,0,0
V,1635,\U,0,0,0
,1636,\U,0,0,0
莺,1637,\U,0,0,0
,1641,\U,0,0,0
L,1642,\U,0,0,0
ʒ,1643,\U,0,0,0
{ʒ,1646,\U,0,0,0
ʒ,1648,\U,0,0,0
Yy,1649,\U,0,0,0
H,1661,HU,0,0,0
ߋ,1667,HU,0,0,0
f,1668,HU,0,0,0
WÒ,1692,U,0,0,0
WÒ,1693,U,0,0,0
P,1694,U,0,0,0
,1695,k̓y,0,0,0
